{"cameraMode":{"drawMode":0,"name":"Shaded","section":"Shading Mode"},"sceneLighting":false,"audioPlay":false,"sceneViewState":{"showFog":true,"showMaterialUpdate":false,"showSkybox":true,"showFlares":true,"showImageEffects":true,"showParticleSystems":true},"in2DMode":false,"pivot":{"x":0.019402898848056794,"y":0.1553235501050949,"z":1.934699535369873},"rotation":{"x":-0.0013019563630223275,"y":0.04478486627340317,"z":0.00006575440056622028,"w":0.9990013241767883},"size":0.3417317271232605,"orthographic":false}