{"cameraMode":{"drawMode":0,"name":"Shaded","section":"Shading Mode"},"sceneLighting":false,"audioPlay":false,"sceneViewState":{"showFog":true,"showMaterialUpdate":false,"showSkybox":true,"showFlares":true,"showImageEffects":true,"showParticleSystems":true},"in2DMode":false,"pivot":{"x":-0.1353459656238556,"y":0.2900778353214264,"z":1.9760019779205323},"rotation":{"x":0.09137935936450958,"y":0.06398606300354004,"z":-0.005876101087778807,"w":0.9937449097633362},"size":0.46170997619628909,"orthographic":false}