{"cameraMode":{"drawMode":0,"name":"Shaded","section":"Shading Mode"},"sceneLighting":false,"audioPlay":false,"sceneViewState":{"showFog":true,"showMaterialUpdate":false,"showSkybox":true,"showFlares":true,"showImageEffects":true,"showParticleSystems":true},"in2DMode":false,"pivot":{"x":-0.0331050343811512,"y":0.011849256232380867,"z":1.5704314708709717},"rotation":{"x":0.2512783408164978,"y":0.5320537090301514,"z":-0.1690748631954193,"w":0.7906939387321472},"size":0.46170997619628909,"orthographic":false}